qid,sid,stitle,,,,,,,,
NC_004567.2:969712-970281,NZ_CP031702.1,"NZ_CP031702.1 Lactobacillus plantarum strain IDCC3501 chromosome, complete genome",,,,,,,,
NC_004567.2:969712-970281,NZ_CP030881.1,"NZ_CP030881.1 Lactobacillus plantarum strain nF1 chromosome, complete genome",,,,,,,,
NC_004567.2:969712-970281,NZ_CP021086.1,"NZ_CP021086.1 Lactobacillus plantarum strain plantarum chromosome, complete genome",,,,,,,,
NC_004567.2:969712-970281,NZ_CP028326.1,"NZ_CP028326.1 Lactobacillus sp. D1501 chromosome, complete genome",,,,,,,,
NC_004567.2:969712-970281,NZ_CP026743.1,"NZ_CP026743.1 Lactobacillus plantarum strain KC28 chromosome, complete genome",,,,,,,,
NC_004567.2:969712-970281,NZ_CP017066.1,"NZ_CP017066.1 Lactobacillus plantarum strain LP3 chromosome, complete genome",,,,,,,,
NC_004567.2:969712-970281,NZ_CP017379.1,"NZ_CP017379.1 Lactobacillus plantarum strain TMW 1.1623 chromosome, complete genome",,,,,,,,
NC_004567.2:969712-970281,NZ_CP017374.1,"NZ_CP017374.1 Lactobacillus plantarum strain TMW 1.708 chromosome, complete genome",,,,,,,,
NC_004567.2:969712-970281,NZ_CP017363.1,"NZ_CP017363.1 Lactobacillus plantarum strain TMW 1.277 chromosome, complete genome",,,,,,,,
NC_004567.2:969712-970281,NZ_CP017354.1,"NZ_CP017354.1 Lactobacillus plantarum strain TMW 1.25 chromosome, complete genome",,,,,,,,
NC_004567.2:969712-970281,NZ_CP018209.1,"NZ_CP018209.1 Lactobacillus plantarum strain BLS41, complete genome",,,,,,,,
NC_004567.2:969712-970281,NZ_CP017406.1,"NZ_CP017406.1 Lactobacillus plantarum strain RI-113 chromosome, complete genome",,,,,,,,
NC_004567.2:969712-970281,NZ_CP013149.1,"NZ_CP013149.1 Lactobacillus plantarum strain MF1298, complete genome",,,,,,,,
NC_004567.2:969712-970281,NZ_CP014780.1,"NZ_CP014780.1 Lactobacillus plantarum strain JBE245 chromosome, complete genome",,,,,,,,
NC_004567.2:969712-970281,NZ_CP023771.1,"NZ_CP023771.1 Lactobacillus plantarum strain WLPL04 chromosome, complete genome",,,,,,,,
NC_004567.2:969712-970281,NZ_CP012343.1,"NZ_CP012343.1 Lactobacillus plantarum strain ZS2058, complete genome",,,,,,,,
NC_004567.2:969712-970281,NZ_CP009236.1,"NZ_CP009236.1 Lactobacillus plantarum strain 5-2, complete genome",,,,,,,,
NC_004567.2:969712-970281,NC_004567.2,"NC_004567.2 Lactobacillus plantarum WCFS1, complete genome",,,,,,,,
NC_004567.2:969712-970281,NZ_CP020861.1,"NZ_CP020861.1 Lactobacillus plantarum strain JBE490 chromosome, complete genome",,,,,,,,
NC_004567.2:969712-970281,NZ_CP032648.1,"NZ_CP032648.1 Lactobacillus plantarum strain ZFM4 chromosome, complete genome",,,,,,,,
NC_004567.2:969712-970281,NZ_CP023490.1,"NZ_CP023490.1 Lactobacillus plantarum strain NCIMB 700965 chromosome, complete genome",,,,,,,,
NC_004567.2:969712-970281,NZ_CP017954.1,"NZ_CP017954.1 Lactobacillus plantarum strain C410L1, complete genome",,,,,,,,
NC_004567.2:969712-970281,NZ_CP015857.1,"NZ_CP015857.1 Lactobacillus plantarum strain LZ227 chromosome, complete genome",,,,,,,,
NC_004567.2:969712-970281,NZ_CP015966.1,"NZ_CP015966.1 Lactobacillus plantarum strain LZ206 chromosome, complete genome",,,,,,,,
NC_004567.2:969712-970281,NC_021514.1,"NC_021514.1 Lactobacillus plantarum 16, complete genome",,,,,,,,
NC_004567.2:969712-970281,NC_021224.2,"NC_021224.2 Lactobacillus plantarum subsp. plantarum P-8, complete genome",,,,,,,,
NC_004567.2:969712-970281,NC_020229.1,"NC_020229.1 Lactobacillus plantarum ZJ316, complete genome",,,,,,,,
NC_004567.2:969712-970281,NZ_CP027349.1,"NZ_CP027349.1 Lactobacillus plantarum strain b-2 chromosome, complete genome",,,,,,,,
NC_004567.2:969712-970281,NZ_CP021997.1,"NZ_CP021997.1 Lactobacillus plantarum strain LPL-1 chromosome, complete genome",,,,,,,,
NC_004567.2:969712-970281,NZ_CP021501.1,"NZ_CP021501.1 Lactobacillus plantarum strain SRCM102022 chromosome, complete genome",,,,,,,,
NC_004567.2:969712-970281,NZ_CP016071.1,"NZ_CP016071.1 Lactobacillus plantarum strain NCU116 chromosome, complete genome",,,,,,,,
NC_004567.2:969712-970281,NZ_CP021932.1,"NZ_CP021932.1 Lactobacillus plantarum strain TMW 1.1478 chromosome, complete genome",,,,,,,,
NC_004567.2:969712-970281,NZ_CP032642.1,"NZ_CP032642.1 Lactobacillus plantarum strain ZFM9 chromosome, complete genome",,,,,,,,
NC_004567.2:969712-970281,NZ_CP032466.1,"NZ_CP032466.1 Lactobacillus plantarum strain ATG-K8 chromosome, complete genome",,,,,,,,
NC_004567.2:969712-970281,NZ_CP032464.1,"NZ_CP032464.1 Lactobacillus plantarum strain ATG-K6 chromosome, complete genome",,,,,,,,
NC_004567.2:969712-970281,NZ_CP032359.1,"NZ_CP032359.1 Lactobacillus plantarum strain ZFM55 chromosome, complete genome",,,,,,,,
NC_004567.2:969712-970281,NZ_CP031318.1,"NZ_CP031318.1 Lactobacillus plantarum strain DR7 chromosome, complete genome",,,,,,,,
NC_004567.2:969712-970281,NZ_CP022294.1,"NZ_CP022294.1 Lactobacillus plantarum strain DSR_M2 chromosome, complete genome",,,,,,,,
NC_004567.2:969712-970281,NZ_CP030105.1,"NZ_CP030105.1 Lactobacillus plantarum strain SK151 chromosome, complete genome",,,,,,,,
NC_004567.2:969712-970281,NZ_CP029349.1,"NZ_CP029349.1 Lactobacillus plantarum strain HAC01 chromosome, complete genome",,,,,,,,
NC_004567.2:969712-970281,NZ_CP020093.1,"NZ_CP020093.1 Lactobacillus plantarum strain K25 chromosome, complete genome",,,,,,,,
NC_004567.2:969712-970281,NZ_CP025412.1,"NZ_CP025412.1 Lactobacillus plantarum strain X7021 chromosome, complete genome",,,,,,,,
NC_004567.2:969712-970281,NZ_CP025991.1,"NZ_CP025991.1 Lactobacillus plantarum subsp. plantarum strain LB1-2 chromosome, complete genome",,,,,,,,
NC_004567.2:969712-970281,NZ_CP025988.1,"NZ_CP025988.1 Lactobacillus plantarum strain LM1004 isolate kimchi chromosome, complete genome",,,,,,,,
NC_004567.2:969712-970281,NZ_CP025590.1,"NZ_CP025590.1 Lactobacillus plantarum strain K259 chromosome, complete genome",,,,,,,,
NC_004567.2:969712-970281,NZ_CP025586.1,"NZ_CP025586.1 Lactobacillus plantarum strain KC3 chromosome, complete genome",,,,,,,,
NC_004567.2:969712-970281,NZ_CP024413.1,"NZ_CP024413.1 Lactobacillus plantarum strain ATCC 8014 chromosome, complete genome",,,,,,,,
NC_004567.2:969712-970281,NZ_CP023772.1,"NZ_CP023772.1 Lactobacillus plantarum strain PC520 chromosome, complete genome",,,,,,,,
NC_004567.2:969712-970281,NZ_CP023174.1,"NZ_CP023174.1 Lactobacillus plantarum strain BDGP2 chromosome, complete genome",,,,,,,,
NC_004567.2:969712-970281,NZ_CP020564.1,"NZ_CP020564.1 Lactobacillus plantarum strain GB-LP1 chromosome, complete genome",,,,,,,,
NC_004567.2:969712-970281,NZ_CP022373.1,"NZ_CP022373.1 Lactobacillus plantarum strain dm chromosome, complete genome",,,,,,,,
NC_004567.2:969712-970281,NZ_CP021528.1,"NZ_CP021528.1 Lactobacillus plantarum subsp. plantarum isolate SRCM100434 chromosome, complete genome",,,,,,,,
NC_004567.2:969712-970281,NZ_CP020816.1,"NZ_CP020816.1 Lactobacillus plantarum strain LP2 chromosome, complete genome",,,,,,,,
NC_004567.2:969712-970281,NZ_CP019722.1,"NZ_CP019722.1 Lactobacillus plantarum strain CLP0611 chromosome, complete genome",,,,,,,,
NC_004567.2:969712-970281,NZ_CP023728.1,"NZ_CP023728.1 Lactobacillus plantarum strain 10CH chromosome, complete genome",,,,,,,,
NC_004567.2:969712-970281,NZ_CP018324.1,"NZ_CP018324.1 Lactobacillus plantarum subsp. plantarum strain TS12 chromosome, complete genome",,,,,,,,
NC_004567.2:969712-970281,NZ_CP015308.1,"NZ_CP015308.1 Lactobacillus plantarum strain LY-78, complete genome",,,,,,,,
NC_004567.2:969712-970281,NZ_CP013753.1,"NZ_CP013753.1 Lactobacillus plantarum strain DF, complete genome",,,,,,,,
NC_004567.2:969712-970281,NZ_CP013749.1,"NZ_CP013749.1 Lactobacillus plantarum strain KP, complete genome",,,,,,,,
NC_004567.2:969712-970281,NZ_CP015126.1,"NZ_CP015126.1 Lactobacillus plantarum strain CAUH2, complete genome",,,,,,,,
NC_004567.2:969712-970281,NZ_CP011769.1,"NZ_CP011769.1 Lactobacillus plantarum strain Zhang-LL, complete genome",,,,,,,,
NC_004567.2:969712-970281,NZ_CP012122.1,"NZ_CP012122.1 Lactobacillus plantarum strain LZ95, complete genome",,,,,,,,
NC_004567.2:969712-970281,NZ_CP016270.1,"NZ_CP016270.1 Lactobacillus plantarum subsp. plantarum strain CGMCC 1.557 chromosome, complete genome",,,,,,,,
NC_004567.2:969712-970281,NZ_CP010528.1,"NZ_CP010528.1 Lactobacillus plantarum strain B21, complete genome",,,,,,,,
NC_004567.2:969712-970281,NZ_CP004406.1,"NZ_CP004406.1 Lactobacillus plantarum DOMLa, complete genome",,,,,,,,
NC_004567.2:969712-970281,NC_014554.1,"NC_014554.1 Lactobacillus plantarum subsp. plantarum ST-III, complete genome",,,,,,,,
NC_004567.2:969712-970281,NC_012984.1,"NC_012984.1 Lactobacillus plantarum JDM1, complete genome",,,,,,,,
NC_004567.2:969712-970281,NZ_CP012650.1,"NZ_CP012650.1 Lactobacillus plantarum strain HFC8, complete genome",,,,,,,,
NC_004567.2:969712-970281,NZ_CP032751.1,"NZ_CP032751.1 Lactobacillus plantarum subsp. argentoratensis strain DSM 16365 chromosome, complete genome",,,,,,,,
NC_004567.2:969712-970281,NZ_CP028977.1,"NZ_CP028977.1 Lactobacillus plantarum strain LQ80 chromosome, complete genome",,,,,,,,
NC_004567.2:969712-970281,NZ_CP032744.1,"NZ_CP032744.1 Lactobacillus paraplantarum strain DSM 10667 chromosome, complete genome",,,,,,,,
NC_004567.2:969712-970281,NZ_CP013130.1,"NZ_CP013130.1 Lactobacillus paraplantarum strain L-ZS9, complete genome",,,,,,,,
NC_004567.2:969712-970281,NZ_CP032654.1,"NZ_CP032654.1 Lactobacillus pentosus strain ZFM222 chromosome, complete genome",,,,,,,,
NC_004567.2:969712-970281,NZ_CP032659.1,"NZ_CP032659.1 Lactobacillus pentosus strain ZFM94 chromosome, complete genome",,,,,,,,
NC_004567.2:969712-970281,NZ_CP032757.1,"NZ_CP032757.1 Lactobacillus pentosus strain DSM 20314 chromosome, complete genome",,,,,,,,
NC_004567.2:969712-970281,NZ_CP022130.1,"NZ_CP022130.1 Lactobacillus pentosus strain SLC13 chromosome, complete genome",,,,,,,,
NC_004567.2:969712-970281,NZ_CP016491.1,"NZ_CP016491.1 Lactobacillus pentosus strain BGM48 chromosome, complete genome",,,,,,,,
NC_004567.2:969712-970281,NZ_CP027190.1,"NZ_CP027190.1 Lactobacillus sp. CBA3605 chromosome, complete genome",,,,,,,,
NC_004567.2:969712-970281,NZ_CP027194.1,"NZ_CP027194.1 Lactobacillus sp. CBA3606 chromosome, complete genome",,,,,,,,
NC_004567.2:969712-970281,NZ_CP016843.1,"NZ_CP016843.1 Carnobacterium divergens strain TMW 2.1579 chromosome, complete genome",,,,,,,,
NC_004567.2:969712-970281,NZ_CP014873.1,"NZ_CP014873.1 Lactobacillus backii strain TMW 1.1989 chromosome, complete genome",,,,,,,,
NC_004567.2:969712-970281,NZ_CP014899.1,"NZ_CP014899.1 Lactobacillus backii strain TMW 1.2002 chromosome, complete genome",,,,,,,,
NC_004567.2:969712-970281,NZ_CP014881.1,"NZ_CP014881.1 Lactobacillus backii strain TMW 1.1991 chromosome, complete genome",,,,,,,,
NC_004567.2:969712-970281,NZ_CP014623.1,"NZ_CP014623.1 Lactobacillus backii strain TMW 1.1988 chromosome, complete genome",,,,,,,,
NC_004567.2:969712-970281,NZ_CP014890.1,"NZ_CP014890.1 Lactobacillus backii strain TMW 1.1992 chromosome, complete genome",,,,,,,,
NC_004567.2:969712-970281,NZ_AP012541.1,"NZ_AP012541.1 Lactobacillus paracasei subsp. paracasei JCM 8130 DNA, complete genome",,,,,,,,
NC_004567.2:969712-970281,NZ_CP007122.1,"NZ_CP007122.1 Lactobacillus paracasei N1115, complete genome",,,,,,,,
NC_004567.2:969712-970281,NZ_CP029546.1,"NZ_CP029546.1 Lactobacillus paracasei strain EG9 chromosome, complete genome",,,,,,,,
NC_004567.2:969712-970281,NZ_CP013921.1,"NZ_CP013921.1 Lactobacillus paracasei strain KL1, complete genome",,,,,,,,
NC_004567.2:969712-970281,NZ_CP012187.1,"NZ_CP012187.1 Lactobacillus paracasei strain CAUH35, complete genome",,,,,,,,
NC_004567.2:969712-970281,NZ_CP017261.1,"NZ_CP017261.1 Lactobacillus paracasei strain FAM18149 chromosome, complete genome",,,,,,,,
NC_004567.2:969712-970281,NC_021721.1,"NC_021721.1 Lactobacillus casei LOCK919, complete genome",,,,,,,,
NC_004567.2:969712-970281,NC_010999.1,"NC_010999.1 Lactobacillus casei BL23 complete genome, strain BL23",,,,,,,,
NC_004567.2:969712-970281,NZ_CP012148.1,"NZ_CP012148.1 Lactobacillus paracasei strain L9, complete genome",,,,,,,,
NC_004567.2:969712-970281,NC_018641.1,NC_018641.1 Lactobacillus casei W56 complete genome,,,,,,,,
NC_004567.2:969712-970281,NC_017474.1,"NC_017474.1 Lactobacillus casei BD-II, complete genome",,,,,,,,
NC_004567.2:969712-970281,NZ_CP016355.1,"NZ_CP016355.1 Lactobacillus paracasei subsp. paracasei strain TMW 1.1434 chromosome, complete genome",,,,,,,,
NC_004567.2:969712-970281,NZ_CP014985.1,"NZ_CP014985.1 Lactobacillus paracasei strain IIA, complete genome",,,,,,,,
NC_004567.2:969712-970281,NZ_CP029686.1,"NZ_CP029686.1 Lactobacillus paracasei strain Lpc10 chromosome, complete genome",,,,,,,,
NC_004567.2:969712-970281,NZ_CP029536.1,"NZ_CP029536.1 Lactobacillus paracasei strain LC355 chromosome, complete genome",,,,,,,,
NC_004567.2:969712-970281,NZ_CP025582.1,"NZ_CP025582.1 Lactobacillus paracasei strain HD1.7 chromosome, complete genome",,,,,,,,
NC_004567.2:969712-970281,NC_017473.1,"NC_017473.1 Lactobacillus casei LC2W, complete genome",,,,,,,,
NC_004567.2:969712-970281,NZ_CP026097.1,"NZ_CP026097.1 Lactobacillus casei strain HDS-01 chromosome, complete genome",,,,,,,,
NC_004567.2:969712-970281,NZ_CP017716.1,"NZ_CP017716.1 Lactobacillus paracasei strain TK1501 chromosome, complete genome",,,,,,,,
NC_004567.2:969712-970281,NC_022112.1,"NC_022112.1 Lactobacillus paracasei subsp. paracasei 8700:2, complete genome",,,,,,,,
NC_004567.2:969712-970281,NC_008526.1,"NC_008526.1 Lactobacillus paracasei ATCC 334 chromosome, complete genome",,,,,,,,
NC_004567.2:969712-970281,NC_014334.2,"NC_014334.2 Lactobacillus casei str. Zhang, complete genome",,,,,,,,
NC_004567.2:969712-970281,NZ_CP006690.1,"NZ_CP006690.1 Lactobacillus casei 12A, complete genome",,,,,,,,
NC_004567.2:969712-970281,NC_019425.2,NC_019425.2 Carnobacterium maltaromaticum LMA28 complete genome,,,,,,,,
NC_004567.2:969712-970281,NZ_CP016844.1,"NZ_CP016844.1 Carnobacterium maltaromaticum strain TMW 2.1581 chromosome, complete genome",,,,,,,,
NC_004567.2:969712-970281,NZ_CP012430.1,"NZ_CP012430.1 Enterococcus faecium strain ISMMS_VRE_1, complete genome",,,,,,,,
NC_004567.2:969712-970281,NZ_CP019992.1,"NZ_CP019992.1 Enterococcus faecium isolate 2014-VREF-268 chromosome, complete genome",,,,,,,,
NC_004567.2:969712-970281,NC_017022.1,"NC_017022.1 Enterococcus faecium Aus0004, complete genome",,,,,,,,
NC_004567.2:969712-970281,NZ_CP018071.1,"NZ_CP018071.1 Enterococcus faecium strain VRE001, complete genome",,,,,,,,
NC_004567.2:969712-970281,NZ_CP018065.1,"NZ_CP018065.1 Enterococcus faecium strain E1 chromosome, complete genome",,,,,,,,
NC_004567.2:969712-970281,NZ_CP027501.1,"NZ_CP027501.1 Enterococcus faecium strain AUSMDU00004142 chromosome, complete genome",,,,,,,,
NC_004567.2:969712-970281,NZ_CP023808.1,"NZ_CP023808.1 Enterococcus faecium strain Efaecium_ER04526.3A chromosome, complete genome",,,,,,,,
NC_004567.2:969712-970281,NZ_CP023804.1,"NZ_CP023804.1 Enterococcus faecium strain Efaecium_ER04619.3A isolate isolate chromosome, complete genome",,,,,,,,
NC_004567.2:969712-970281,NZ_CP023784.1,"NZ_CP023784.1 Enterococcus faecium strain Efaecium_ER04120.3A chromosome, complete genome",,,,,,,,
NC_004567.2:969712-970281,NZ_CP023794.1,"NZ_CP023794.1 Enterococcus faecium strain Efaecium_ER04484.3A chromosome, complete genome",,,,,,,,
NC_004567.2:969712-970281,NZ_CP017787.1,"NZ_CP017787.1 Enterococcus faecium strain E232 chromosome, complete genome",,,,,,,,
NC_004567.2:969712-970281,NZ_CP017797.1,"NZ_CP017797.1 Enterococcus faecium strain E243 chromosome, complete genome",,,,,,,,
NC_004567.2:969712-970281,NZ_CP017792.1,"NZ_CP017792.1 Enterococcus faecium strain E240 chromosome, complete genome",,,,,,,,
NC_004567.2:969712-970281,NZ_CP023789.1,"NZ_CP023789.1 Enterococcus faecium strain Efaecium_ER04462.3A chromosome, complete genome",,,,,,,,
NC_004567.2:969712-970281,NZ_CP023799.1,"NZ_CP023799.1 Enterococcus faecium strain Efaecium_ER04526.5A chromosome, complete genome",,,,,,,,
NC_004567.2:969712-970281,NZ_CP023780.1,"NZ_CP023780.1 Enterococcus faecium strain Efaecium_ER03933.3A isolate isolate chromosome, complete genome",,,,,,,,
NC_004567.2:969712-970281,NZ_CP027517.1,"NZ_CP027517.1 Enterococcus faecium strain AUSMDU00004024 chromosome, complete genome",,,,,,,,
NC_004567.2:969712-970281,NZ_CP012460.1,"NZ_CP012460.1 Enterococcus faecium strain ISMMS_VRE_7, complete genome",,,,,,,,
NC_004567.2:969712-970281,NZ_CP016163.1,"NZ_CP016163.1 Enterococcus faecium strain ISMMS_VRE_11 chromosome, complete genome",,,,,,,,
NC_004567.2:969712-970281,NZ_CP025754.1,"NZ_CP025754.1 Enterococcus faecium strain AALTL chromosome, complete genome",,,,,,,,
NC_004567.2:969712-970281,NZ_CP018828.1,"NZ_CP018828.1 Enterococcus faecium strain ISMMS_VRE_12 chromosome, complete genome",,,,,,,,
NC_004567.2:969712-970281,NZ_CP019970.1,"NZ_CP019970.1 Enterococcus faecium isolate 2014-VREF-114 chromosome, complete genome",,,,,,,,
NC_004567.2:969712-970281,NZ_CP018830.1,"NZ_CP018830.1 Enterococcus faecium strain ISMMS_VRE_9 chromosome, complete genome",,,,,,,,
NC_004567.2:969712-970281,NZ_CP011281.1,"NZ_CP011281.1 Enterococcus faecium strain E39, complete genome",,,,,,,,
NC_004567.2:969712-970281,NC_015391.1,"NC_015391.1 Carnobacterium sp. 17-4, complete genome",,,,,,,,
NC_004567.2:969712-970281,NZ_CP014201.1,"NZ_CP014201.1 Lactobacillus rhamnosus strain BFE5264, complete genome",,,,,,,,
NC_004567.2:969712-970281,NZ_CP021426.1,"NZ_CP021426.1 Lactobacillus rhamnosus strain 4B15, complete genome",,,,,,,,
NC_004567.2:969712-970281,NZ_LT220504.1,"NZ_LT220504.1 Lactobacillus rhamnosus strain BPL5 genome assembly, chromosome: I",,,,,,,,
NC_004567.2:969712-970281,NZ_CP006804.1,"NZ_CP006804.1 Lactobacillus rhamnosus DSM 14870, complete genome",,,,,,,,
NC_004567.2:969712-970281,NZ_CP031290.1,"NZ_CP031290.1 Lactobacillus rhamnosus GG chromosome, complete genome",,,,,,,,
NC_004567.2:969712-970281,NC_013198.1,"NC_013198.1 Lactobacillus rhamnosus GG whole genome sequence, strain GG (ATCC 53103)",,,,,,,,
NC_004567.2:969712-970281,NC_017482.1,"NC_017482.1 Lactobacillus rhamnosus ATCC 53103 DNA, complete genome",,,,,,,,
NC_004567.2:969712-970281,NC_021725.1,"NC_021725.1 Lactobacillus rhamnosus LOCK908, complete genome",,,,,,,,
NC_004567.2:969712-970281,NZ_CP022109.1,"NZ_CP022109.1 Lactobacillus rhamnosus strain ATCC 11443 chromosome, complete genome",,,,,,,,
NC_004567.2:969712-970281,NZ_CP019305.1,"NZ_CP019305.1 Lactobacillus rhamnosus strain SCT-10-10-60 chromosome, complete genome",,,,,,,,
NC_004567.2:969712-970281,NZ_CP017063.1,"NZ_CP017063.1 Lactobacillus rhamnosus strain LR5, complete genome",,,,,,,,
NC_004567.2:969712-970281,NC_013199.1,"NC_013199.1 Lactobacillus rhamnosus Lc 705 whole genome sequence, strain Lc 705",,,,,,,,
NC_004567.2:969712-970281,NC_017491.1,"NC_017491.1 Lactobacillus rhamnosus ATCC 8530, complete genome",,,,,,,,
NC_004567.2:969712-970281,NZ_CP020464.1,"NZ_CP020464.1 Lactobacillus rhamnosus strain Pen, complete genome",,,,,,,,
NC_004567.2:969712-970281,NC_021723.1,"NC_021723.1 Lactobacillus rhamnosus LOCK900, complete genome",,,,,,,,
NC_004567.2:969712-970281,NC_022606.1,"NC_022606.1 Carnobacterium inhibens subsp. gilichinskyi strain WN1359, complete genome",,,,,,,,
NC_004567.2:969712-970281,NZ_CP017065.1,"NZ_CP017065.1 Lactobacillus casei strain LC5, complete genome",,,,,,,,
NC_004567.2:969712-970281,NZ_LS991421.1,"NZ_LS991421.1 Lactobacillus casei isolate CECT 9104 genome assembly, chromosome: 1",,,,,,,,
NC_004567.2:969712-970281,NZ_CP017267.1,"NZ_CP017267.1 Vagococcus teuberi strain DSM 21459 chromosome, complete genome",,,,,,,,
NC_004567.2:969712-970281,NZ_CP010796.1,"NZ_CP010796.1 Carnobacterium sp. CP1, complete genome",,,,,,,,
NC_004567.2:969712-970281,NZ_AP012544.1,"NZ_AP012544.1 Lactobacillus casei subsp. casei ATCC 393 DNA, complete genome",,,,,,,,
NC_004567.2:969712-970281,NZ_CP023074.1,"NZ_CP023074.1 Enterococcus thailandicus strain a523 chromosome, complete genome",,,,,,,,
NC_004567.2:969712-970281,NZ_CP019609.1,"NZ_CP019609.1 Vagococcus penaei strain CD276, complete genome",,,,,,,,
NC_004567.2:969712-970281,NZ_CP020017.1,"NZ_CP020017.1 Tetragenococcus halophilus strain KUD23, complete genome",,,,,,,,
NC_004567.2:969712-970281,NC_016052.1,"NC_016052.1 Tetragenococcus halophilus NBRC 12172 DNA, complete genome",,,,,,,,
NC_004567.2:969712-970281,NZ_CP012047.1,"NZ_CP012047.1 Tetragenococcus halophilus strain MJ4, complete genome",,,,,,,,
NC_004567.2:969712-970281,NC_020995.1,"NC_020995.1 Enterococcus casseliflavus EC20, complete genome",,,,,,,,
NC_004567.2:969712-970281,NZ_LS483306.1,"NZ_LS483306.1 Enterococcus cecorum strain NCTC12421 genome assembly, chromosome: 1",,,,,,,,
NC_004567.2:969712-970281,NZ_CP023515.1,"NZ_CP023515.1 Enterococcus sp. FDAARGOS_375 chromosome, complete genome",,,,,,,,
NC_004567.2:969712-970281,NZ_CP025223.1,"NZ_CP025223.1 Enterococcus sp. CR-Ec1 chromosome, complete genome",,,,,,,,
NC_004567.2:969712-970281,NZ_CP032739.1,"NZ_CP032739.1 Enterococcus casseliflavus strain EC-369 chromosome, complete genome",,,,,,,,
NC_004567.2:969712-970281,NZ_CP014067.2,"NZ_CP014067.2 Enterococcus gallinarum strain FDAARGOS_163 chromosome, complete genome",,,,,,,,
NC_004567.2:969712-970281,NC_004668.1,"NC_004668.1 Enterococcus faecalis V583 chromosome, complete genome",,,,,,,,
NC_004567.2:969712-970281,NZ_CP029612.1,"NZ_CP029612.1 Enterococcus faecalis strain H25 chromosome, complete genome",,,,,,,,
NC_004567.2:969712-970281,NZ_CP019512.1,"NZ_CP019512.1 Enterococcus faecalis strain CLB21560 chromosome, complete genome",,,,,,,,
NC_004567.2:969712-970281,NZ_CP031027.1,"NZ_CP031027.1 Enterococcus faecalis strain TY1 chromosome, complete genome",,,,,,,,
NC_004567.2:969712-970281,NZ_CP015410.2,"NZ_CP015410.2 Enterococcus faecalis strain KB1, complete genome",,,,,,,,
NC_004567.2:969712-970281,NC_018221.1,"NC_018221.1 Enterococcus faecalis D32, complete genome",,,,,,,,
NC_004567.2:969712-970281,NZ_CP008816.1,"NZ_CP008816.1 Enterococcus faecalis ATCC 29212, complete genome",,,,,,,,
NC_004567.2:969712-970281,NC_019770.1,"NC_019770.1 Enterococcus faecalis str. Symbioflor 1, complete genome",,,,,,,,
NC_004567.2:969712-970281,NZ_CP014949.1,"NZ_CP014949.1 Enterococcus faecalis strain LD33, complete genome",,,,,,,,
NC_004567.2:969712-970281,NC_017316.1,"NC_017316.1 Enterococcus faecalis OG1RF, complete genome",,,,,,,,
NC_004567.2:969712-970281,NZ_AP017623.1,"NZ_AP017623.1 Enterococcus faecalis DNA, complete genome, strain: W11",,,,,,,,
NC_004567.2:969712-970281,NZ_CP004081.1,"NZ_CP004081.1 Enterococcus faecalis DENG1, complete genome",,,,,,,,
NC_004567.2:969712-970281,NZ_CP028285.1,"NZ_CP028285.1 Enterococcus faecalis strain FDAARGOS_324 chromosome, complete genome",,,,,,,,
NC_004567.2:969712-970281,NZ_CP018102.1,"NZ_CP018102.1 Enterococcus faecalis strain L12, complete genome",,,,,,,,
NC_004567.2:969712-970281,NZ_CP022488.1,"NZ_CP022488.1 Enterococcus faecalis ARO1/DG chromosome, complete genome",,,,,,,,
NC_004567.2:969712-970281,NZ_CP018004.1,"NZ_CP018004.1 Enterococcus faecalis strain L9 chromosome, complete genome",,,,,,,,
NC_004567.2:969712-970281,NZ_CP015883.1,"NZ_CP015883.1 Enterococcus faecalis strain sorialis chromosome, complete genome",,,,,,,,
NC_004567.2:969712-970281,NZ_CP022059.1,"NZ_CP022059.1 Enterococcus faecalis strain FDAARGOS_338 chromosome, complete genome",,,,,,,,
NC_004567.2:969712-970281,NZ_CP016602.1,"NZ_CP016602.1 Lactobacillus curvatus strain WiKim52 chromosome, complete genome",,,,,,,,
NC_004567.2:969712-970281,NZ_CP016028.1,"NZ_CP016028.1 Lactobacillus curvatus strain FBA2, complete genome",,,,,,,,
NC_004567.2:969712-970281,NZ_CP031003.1,"NZ_CP031003.1 Lactobacillus curvatus strain TMW 1.1928 chromosome, complete genome",,,,,,,,
NC_004567.2:969712-970281,NZ_CP022475.1,"NZ_CP022475.1 Lactobacillus curvatus strain KG6 chromosome, complete genome",,,,,,,,
NC_004567.2:969712-970281,NZ_CP021874.1,"NZ_CP021874.1 Enterococcus wangshanyuanii strain MN05, complete genome",,,,,,,,
NC_004567.2:969712-970281,NZ_CP019433.1,"NZ_CP019433.1 Jeotgalibaca sp. PTS2502, complete genome",,,,,,,,
NC_004567.2:969712-970281,NZ_CP017124.1,"NZ_CP017124.1 Lactobacillus curvatus strain WiKim38, complete genome",,,,,,,,
NC_004567.2:969712-970281,NZ_CP027431.1,"NZ_CP027431.1 Oenococcus oeni strain 19 chromosome, complete genome",,,,,,,,
NC_004567.2:969712-970281,NC_008528.1,"NC_008528.1 Oenococcus oeni PSU-1, complete genome",,,,,,,,
NC_004567.2:969712-970281,NZ_CP019728.1,"NZ_CP019728.1 Jeotgalibaca dankookensis strain EX-07 chromosome, complete genome",,,,,,,,
NC_004567.2:969712-970281,NZ_CP023434.1,"NZ_CP023434.1 Aerococcaceae bacterium ZY16052 chromosome, complete genome",,,,,,,,
NC_004567.2:969712-970281,NZ_LS483361.1,"NZ_LS483361.1 Streptococcus dysgalactiae subsp. equisimilis strain NCTC6179 genome assembly, chromosome: 1",,,,,,,,
NC_004567.2:969712-970281,NZ_CP018888.1,"NZ_CP018888.1 Lactobacillus amylophilus DSM 20533 = JCM 1125, complete genome",,,,,,,,
NC_004567.2:969712-970281,NZ_CP022601.1,"NZ_CP022601.1 Streptococcus pluranimalium strain 14A0014 chromosome, complete genome",,,,,,,,
NC_004567.2:969712-970281,NZ_CP014835.1,"NZ_CP014835.1 Streptococcus halotolerans strain HTS9 chromosome, complete genome",,,,,,,,
NC_004567.2:969712-970281,NZ_LS483413.1,"NZ_LS483413.1 Streptococcus dysgalactiae subsp. equisimilis strain NCTC7136 genome assembly, chromosome: 1",,,,,,,,
NC_004567.2:969712-970281,NC_017567.1,"NC_017567.1 Streptococcus dysgalactiae subsp. equisimilis ATCC 12394, complete genome",,,,,,,,
NC_004567.2:969712-970281,NC_018712.1,"NC_018712.1 Streptococcus dysgalactiae subsp. equisimilis RE378 DNA, complete genome",,,,,,,,
NC_004567.2:969712-970281,NZ_LS483318.1,"NZ_LS483318.1 Streptococcus dysgalactiae subsp. equisimilis strain NCTC5370 genome assembly, chromosome: 1",,,,,,,,
NC_004567.2:969712-970281,NZ_LT906454.1,"NZ_LT906454.1 Streptococcus acidominimus strain NCTC11291 genome assembly, chromosome: 1",,,,,,,,
NC_004567.2:969712-970281,NZ_CP017697.1,"NZ_CP017697.1 Lactobacillus coryniformis subsp. torquens DSM 20004 = KCTC 3535, complete genome",,,,,,,,
NC_004567.2:969712-970281,NZ_CP017713.1,"NZ_CP017713.1 Lactobacillus coryniformis subsp. coryniformis KCTC 3167 = DSM 20001 chromosome, complete genome",,,,,,,,
NC_004567.2:969712-970281,NZ_CP030110.1,"NZ_CP030110.1 Enterococcus faecium strain BM4105-RF chromosome, complete genome",,,,,,,,
NC_004567.2:969712-970281,NZ_CP032308.1,"NZ_CP032308.1 Enterococcus faecium strain HY07 chromosome, complete genome",,,,,,,,
NC_004567.2:969712-970281,NC_021994.1,"NC_021994.1 Enterococcus faecium Aus0085, complete genome",,,,,,,,
NC_004567.2:969712-970281,NZ_CP013994.1,"NZ_CP013994.1 Enterococcus faecium strain 6E6, complete genome",,,,,,,,
NC_004567.2:969712-970281,NZ_LT598663.1,"NZ_LT598663.1 Enterococcus faecium isolate Ef_aus00233 genome assembly, chromosome: 1",,,,,,,,
NC_004567.2:969712-970281,NZ_CP020488.1,"NZ_CP020488.1 Enterococcus faecium strain CFSAN059071 chromosome, complete genome",,,,,,,,
NC_004567.2:969712-970281,NZ_CP020484.1,"NZ_CP020484.1 Enterococcus faecium strain CFSAN059070 chromosome, complete genome",,,,,,,,
NC_004567.2:969712-970281,NZ_CP027512.1,"NZ_CP027512.1 Enterococcus faecium strain AUSMDU00004028 chromosome, complete genome",,,,,,,,
NC_004567.2:969712-970281,NZ_CP025425.1,"NZ_CP025425.1 Enterococcus faecium strain SC4 chromosome, complete genome",,,,,,,,
NC_004567.2:969712-970281,NZ_LN999987.1,"NZ_LN999987.1 Enterococcus faecium isolate EFE11651 genome assembly, chromosome: I",,,,,,,,
NC_004567.2:969712-970281,NZ_CP014529.1,"NZ_CP014529.1 Enterococcus faecium strain E745, complete genome",,,,,,,,
NC_004567.2:969712-970281,NZ_CP018128.1,"NZ_CP018128.1 Enterococcus faecium strain A_020709_82, complete genome",,,,,,,,
NC_004567.2:969712-970281,NZ_CP023423.1,"NZ_CP023423.1 Enterococcus faecium strain K60-39 chromosome, complete genome",,,,,,,,
NC_004567.2:969712-970281,NZ_CP021849.1,"NZ_CP021849.1 Enterococcus faecium strain 16-346 chromosome, complete genome",,,,,,,,
NC_004567.2:969712-970281,NZ_CP027506.1,"NZ_CP027506.1 Enterococcus faecium strain AUSMDU00004055 chromosome, complete genome",,,,,,,,
NC_004567.2:969712-970281,NC_017960.1,"NC_017960.1 Enterococcus faecium DO chromosome, complete genome",,,,,,,,
NC_004567.2:969712-970281,NZ_CP006030.1,"NZ_CP006030.1 Enterococcus faecium T110, complete genome",,,,,,,,
NC_004567.2:969712-970281,NZ_CP013009.1,"NZ_CP013009.1 Enterococcus faecium strain UW7606x64/3 TC1, complete genome",,,,,,,,
NC_004567.2:969712-970281,NC_020207.1,"NC_020207.1 Enterococcus faecium NRRL B-2354, complete genome",,,,,,,,
NC_004567.2:969712-970281,NZ_CP011828.1,"NZ_CP011828.1 Enterococcus faecium strain UW8175, complete genome",,,,,,,,
NC_004567.2:969712-970281,NZ_CP012522.1,"NZ_CP012522.1 Enterococcus faecium strain 64/3, complete genome",,,,,,,,
NC_004567.2:969712-970281,NZ_CP027402.1,"NZ_CP027402.1 Enterococcus faecium strain FDAARGOS_323 chromosome, complete genome",,,,,,,,
NC_004567.2:969712-970281,NZ_CP021885.1,"NZ_CP021885.1 Enterococcus faecium strain WEFA23 chromosome, complete genome",,,,,,,,
NC_004567.2:969712-970281,NZ_CP025536.1,"NZ_CP025536.1 Streptococcus pluranimalium strain TH11417 chromosome, complete genome",,,,,,,,
NC_004567.2:969712-970281,NZ_CP012384.1,"NZ_CP012384.1 Enterococcus durans strain KLDS 6.0930, complete genome",,,,,,,,
NC_004567.2:969712-970281,NZ_CP012366.1,"NZ_CP012366.1 Enterococcus durans strain KLDS6.0933, complete genome",,,,,,,,
NC_004567.2:969712-970281,NZ_CP025077.1,"NZ_CP025077.1 Enterococcus faecium strain LS170308 chromosome, complete genome",,,,,,,,
NC_004567.2:969712-970281,NZ_CP022930.1,"NZ_CP022930.1 Enterococcus durans strain BDGP3 chromosome, complete genome",,,,,,,,
NC_004567.2:969712-970281,NC_019042.1,"NC_019042.1 Streptococcus dysgalactiae subsp. equisimilis AC-2713, complete genome",,,,,,,,
NC_004567.2:969712-970281,NZ_LS483363.1,"NZ_LS483363.1 Streptococcus dysgalactiae subsp. equisimilis strain NCTC9414 genome assembly, chromosome: 1",,,,,,,,
NC_004567.2:969712-970281,NC_012891.1,"NC_012891.1 Streptococcus dysgalactiae subsp. equisimilis GGS_124 DNA, complete genome",,,,,,,,
NC_004567.2:969712-970281,NZ_LS483367.1,"NZ_LS483367.1 Streptococcus dysgalactiae subsp. equisimilis strain NCTC5371 genome assembly, chromosome: 1",,,,,,,,
NC_004567.2:969712-970281,NZ_CP018061.1,"NZ_CP018061.1 Enterococcus mundtii strain DSM 4838, complete genome",,,,,,,,
NC_004567.2:969712-970281,NC_022878.1,"NC_022878.1 Enterococcus mundtii QU 25 DNA, complete genome",,,,,,,,
NC_004567.2:969712-970281,NZ_CP022340.1,"NZ_CP022340.1 Enterococcus mundtii strain EMB156 chromosome, complete genome",,,,,,,,
NC_004567.2:969712-970281,NZ_LN999844.1,"NZ_LN999844.1 Enterococcus faecium isolate EFE10021 genome assembly, chromosome: chr",,,,,,,,
NC_004567.2:969712-970281,NZ_CP015516.1,"NZ_CP015516.1 Enterococcus hirae strain R17, complete genome",,,,,,,,
NC_004567.2:969712-970281,NZ_CP023011.2,"NZ_CP023011.2 Enterococcus hirae strain FDAARGOS_234 chromosome, complete genome",,,,,,,,
NC_004567.2:969712-970281,NC_018081.1,"NC_018081.1 Enterococcus hirae ATCC 9790, complete genome",,,,,,,,
NC_004567.2:969712-970281,NZ_CP017761.1,"NZ_CP017761.1 Marinilactibacillus sp. 15R chromosome, complete genome",,,,,,,,
NC_004567.2:969712-970281,NZ_CP014159.1,"NZ_CP014159.1 Aerococcus christensenii strain CCUG28831, complete genome",,,,,,,,
NC_004567.2:969712-970281,NZ_CP022680.1,"NZ_CP022680.1 Streptococcus respiraculi strain HTS25 chromosome, complete genome",,,,,,,,
NC_004567.2:969712-970281,NC_012926.1,"NC_012926.1 Streptococcus suis BM407 chromosome, complete genome",,,,,,,,
NC_004567.2:969712-970281,NC_020526.1,"NC_020526.1 Streptococcus suis SC070731, complete genome",,,,,,,,
NC_004567.2:969712-970281,NZ_CP024050.1,"NZ_CP024050.1 Streptococcus suis strain CS100322 chromosome, complete genome",,,,,,,,
NC_004567.2:969712-970281,NC_017618.1,"NC_017618.1 Streptococcus suis JS14, complete genome",,,,,,,,
NC_004567.2:969712-970281,NC_017619.1,"NC_017619.1 Streptococcus suis SS12, complete genome",,,,,,,,
NC_004567.2:969712-970281,NZ_CP020863.1,"NZ_CP020863.1 Streptococcus suis strain SC19 chromosome, complete genome",,,,,,,,
NC_004567.2:969712-970281,NC_012924.1,"NC_012924.1 Streptococcus suis SC84 complete genome, strain SC84",,,,,,,,
NC_004567.2:969712-970281,NZ_CP007497.1,"NZ_CP007497.1 Streptococcus suis strain ZY05719, complete genome",,,,,,,,
NC_004567.2:969712-970281,NZ_CP018908.1,"NZ_CP018908.1 Streptococcus suis strain SS2-1 chromosome, complete genome",,,,,,,,
NC_004567.2:969712-970281,NZ_CP016175.1,"NZ_CP016175.1 Streptococcus suis strain LSM102, complete genome",,,,,,,,
NC_004567.2:969712-970281,NC_017622.1,"NC_017622.1 Streptococcus suis A7, complete genome",,,,,,,,
NC_004567.2:969712-970281,NC_012925.1,NC_012925.1 Streptococcus suis P1/7 complete genome,,,,,,,,
NC_004567.2:969712-970281,NZ_LS483418.1,"NZ_LS483418.1 Streptococcus suis strain NCTC10234 genome assembly, chromosome: 1",,,,,,,,
NC_004567.2:969712-970281,NC_018526.1,"NC_018526.1 Streptococcus suis S735, complete genome",,,,,,,,
NC_004567.2:969712-970281,NC_021213.1,"NC_021213.1 Streptococcus suis TL13, complete genome",,,,,,,,
NC_004567.2:969712-970281,NZ_CP008921.1,"NZ_CP008921.1 Streptococcus suis 6407, complete genome",,,,,,,,
NC_004567.2:969712-970281,NC_022665.1,"NC_022665.1 Streptococcus suis T15, complete genome",,,,,,,,
NC_004567.2:969712-970281,NZ_CP030125.1,"NZ_CP030125.1 Streptococcus suis strain JSHA1003 chromosome, complete genome",,,,,,,,
NC_004567.2:969712-970281,NZ_CP017667.1,"NZ_CP017667.1 Streptococcus suis strain 1081 chromosome, complete genome",,,,,,,,
NC_004567.2:969712-970281,NC_017621.1,"NC_017621.1 Streptococcus suis D12, complete genome",,,,,,,,
NC_004567.2:969712-970281,NZ_CP017666.1,"NZ_CP017666.1 Streptococcus suis strain 0061 chromosome, complete genome",,,,,,,,
NC_004567.2:969712-970281,NC_017950.1,"NC_017950.1 Streptococcus suis ST1, complete genome",,,,,,,,
NC_004567.2:969712-970281,NZ_AP018400.1,"NZ_AP018400.1 Streptococcus ruminantium GUT187T DNA, complete genome",,,,,,,,
NC_004567.2:969712-970281,NZ_CP024974.1,"NZ_CP024974.1 Streptococcus suis strain CZ130302 chromosome, complete genome",,,,,,,,
NC_004567.2:969712-970281,NZ_CP025043.1,"NZ_CP025043.1 Streptococcus suis strain AH681 chromosome, complete genome",,,,,,,,
NC_004567.2:969712-970281,NZ_CP029398.1,"NZ_CP029398.1 Streptococcus suis strain HN105 chromosome, complete genome",,,,,,,,
NC_004567.2:969712-970281,NZ_CP025095.1,"NZ_CP025095.1 Streptococcus suis strain HN136 chromosome, complete genome",,,,,,,,
NC_004567.2:969712-970281,NZ_CP015557.1,"NZ_CP015557.1 Streptococcus suis strain DN13, complete genome",,,,,,,,
NC_004567.2:969712-970281,NZ_CP017142.1,"NZ_CP017142.1 Streptococcus suis strain GZ0565 chromosome, complete genome",,,,,,,,
NC_004567.2:969712-970281,NZ_CP012911.1,"NZ_CP012911.1 Streptococcus suis strain NSUI060, complete genome",,,,,,,,
NC_004567.2:969712-970281,NZ_CP011419.1,"NZ_CP011419.1 Streptococcus suis strain NSUI002, complete genome",,,,,,,,
NC_004567.2:969712-970281,NZ_CP024126.1,"NZ_CP024126.1 Streptococcus suis strain HA0609 chromosome, complete genome",,,,,,,,
NC_004567.2:969712-970281,NZ_CP025419.1,"NZ_CP025419.1 Streptococcus suis strain SH0104 chromosome, complete genome",,,,,,,,
NC_004567.2:969712-970281,NZ_CP030124.1,"NZ_CP030124.1 Streptococcus suis strain SH1510 chromosome, complete genome",,,,,,,,
NC_004567.2:969712-970281,NC_017620.1,"NC_017620.1 Streptococcus suis D9, complete genome",,,,,,,,
NC_004567.2:969712-970281,NZ_CP002007.2,"NZ_CP002007.2 Streptococcus suis 05HAS68, complete genome",,,,,,,,
NC_004567.2:969712-970281,NZ_CP012731.1,"NZ_CP012731.1 Streptococcus suis strain 90-1330, complete genome",,,,,,,,
NC_004567.2:969712-970281,NC_015433.1,"NC_015433.1 Streptococcus suis ST3, complete genome",,,,,,,,
NC_004567.2:969712-970281,NC_022516.1,"NC_022516.1 Streptococcus suis YB51, complete genome",,,,,,,,
NC_004567.2:969712-970281,NZ_AP017373.1,"NZ_AP017373.1 Lactococcus garvieae DNA, complete genome, strain: 122061",,,,,,,,
NC_004567.2:969712-970281,NZ_CP022474.1,"NZ_CP022474.1 Lactobacillus curvatus strain MRS6 chromosome, complete genome",,,,,,,,
NC_004567.2:969712-970281,NC_017490.1,"NC_017490.1 Lactococcus garvieae Lg2 DNA, complete genome",,,,,,,,
NC_004567.2:969712-970281,NC_015930.1,"NC_015930.1 Lactococcus garvieae ATCC 49156 DNA, complete genome",,,,,,,,
NC_004567.2:969712-970281,NZ_CP015196.1,"NZ_CP015196.1 Streptococcus marmotae strain HTS5 chromosome, complete genome",,,,,,,,
NC_004567.2:969712-970281,NC_017949.1,"NC_017949.1 Lactococcus lactis subsp. cremoris NZ9000, complete genome",,,,,,,,
NC_004567.2:969712-970281,NC_009004.1,"NC_009004.1 Lactococcus lactis subsp. cremoris MG1363, complete genome",,,,,,,,
NC_004567.2:969712-970281,NZ_CP015901.1,"NZ_CP015901.1 Lactococcus lactis subsp. cremoris strain JM3 chromosome, complete genome",,,,,,,,
NC_004567.2:969712-970281,NC_017492.1,"NC_017492.1 Lactococcus lactis subsp. cremoris A76, complete genome",,,,,,,,
NC_004567.2:969712-970281,NC_008527.1,"NC_008527.1 Lactococcus lactis subsp. cremoris SK11, complete genome",,,,,,,,
NC_004567.2:969712-970281,NC_022369.1,"NC_022369.1 Lactococcus lactis subsp. cremoris KW2, complete genome",,,,,,,,
NC_004567.2:969712-970281,NZ_CP015909.1,"NZ_CP015909.1 Lactococcus lactis subsp. cremoris strain JM4 chromosome, complete genome",,,,,,,,
NC_004567.2:969712-970281,NZ_CP031538.1,"NZ_CP031538.1 Lactococcus lactis subsp. cremoris strain 3107 chromosome L3107, complete sequence",,,,,,,,
NC_004567.2:969712-970281,NZ_CP015900.1,"NZ_CP015900.1 Lactococcus lactis subsp. cremoris strain JM2 chromosome, complete genome",,,,,,,,
NC_004567.2:969712-970281,NZ_CP015894.1,"NZ_CP015894.1 Lactococcus lactis subsp. cremoris strain 158 chromosome, complete genome",,,,,,,,
NC_004567.2:969712-970281,NC_019435.1,"NC_019435.1 Lactococcus lactis subsp. cremoris UC509.9, complete genome",,,,,,,,
NC_004567.2:969712-970281,NZ_CP015907.1,"NZ_CP015907.1 Lactococcus lactis subsp. cremoris strain UC109 chromosome, complete genome",,,,,,,,
NC_004567.2:969712-970281,NZ_LT599049.1,"NZ_LT599049.1 Lactococcus lactis subsp. lactis strain A12 genome assembly, chromosome: 1",,,,,,,,
NC_004567.2:969712-970281,NC_013656.1,"NC_013656.1 Lactococcus lactis subsp. lactis KF147, complete genome",,,,,,,,
NC_004567.2:969712-970281,NZ_CP028160.1,"NZ_CP028160.1 Lactococcus lactis subsp. lactis strain 14B4 chromosome, complete genome",,,,,,,,
NC_004567.2:969712-970281,NZ_CP015902.1,"NZ_CP015902.1 Lactococcus lactis subsp. lactis strain UC06 chromosome, complete genome",,,,,,,,
NC_004567.2:969712-970281,NZ_CP009054.1,"NZ_CP009054.1 Lactococcus lactis subsp. lactis NCDO 2118, complete genome",,,,,,,,
NC_004567.2:969712-970281,NZ_CP015906.1,"NZ_CP015906.1 Lactococcus lactis subsp. lactis strain UC77 chromosome, complete genome",,,,,,,,
NC_004567.2:969712-970281,NZ_CP015897.1,"NZ_CP015897.1 Lactococcus lactis subsp. lactis strain 275 chromosome, complete genome",,,,,,,,
NC_004567.2:969712-970281,NZ_CP010050.1,"NZ_CP010050.1 Lactococcus lactis subsp. lactis strain S0, complete genome",,,,,,,,
NC_004567.2:969712-970281,NZ_CP015896.1,"NZ_CP015896.1 Lactococcus lactis subsp. lactis strain 229 chromosome, complete genome",,,,,,,,
NC_004567.2:969712-970281,NZ_CP024954.1,"NZ_CP024954.1 Lactococcus lactis subsp. lactis strain F44 chromosome, complete genome",,,,,,,,
NC_004567.2:969712-970281,NZ_CP020604.1,"NZ_CP020604.1 Lactococcus lactis subsp. lactis bv. diacetylactis strain FM03 chromosome, complete genome",,,,,,,,
NC_004567.2:969712-970281,NZ_CP015908.1,"NZ_CP015908.1 Lactococcus lactis subsp. lactis strain UL8 chromosome, complete genome",,,,,,,,
NC_004567.2:969712-970281,NC_020450.1,"NC_020450.1 Lactococcus lactis subsp. lactis IO-1 DNA, complete genome",,,,,,,,
NC_004567.2:969712-970281,NZ_CP024958.1,"NZ_CP024958.1 Lactococcus lactis subsp. lactis strain G423 chromosome, complete genome",,,,,,,,
NC_004567.2:969712-970281,NC_017486.1,"NC_017486.1 Lactococcus lactis subsp. lactis CV56, complete genome",,,,,,,,
NC_004567.2:969712-970281,NZ_CP009472.1,"NZ_CP009472.1 Lactococcus lactis strain AI06, complete genome",,,,,,,,
NC_004567.2:969712-970281,NZ_CP015905.1,"NZ_CP015905.1 Lactococcus lactis subsp. lactis strain UC063 chromosome, complete genome",,,,,,,,
NC_004567.2:969712-970281,NZ_CP015904.1,"NZ_CP015904.1 Lactococcus lactis subsp. lactis strain UC11 chromosome, complete genome",,,,,,,,
NC_004567.2:969712-970281,NZ_CP015903.1,"NZ_CP015903.1 Lactococcus lactis subsp. lactis strain UC08 chromosome, complete genome",,,,,,,,
NC_004567.2:969712-970281,NC_002662.1,"NC_002662.1 Lactococcus lactis subsp. lactis Il1403 chromosome, complete genome",,,,,,,,
NC_004567.2:969712-970281,NZ_CP025500.1,"NZ_CP025500.1 Lactococcus lactis subsp. lactis strain G50 chromosome, complete genome",,,,,,,,
NC_004567.2:969712-970281,NZ_CP009531.1,"NZ_CP009531.1 Lactobacillus sp. wkB8, complete genome",,,,,,,,
NC_004567.2:969712-970281,NZ_CP015899.1,"NZ_CP015899.1 Lactococcus lactis subsp. cremoris strain JM1 chromosome, complete genome",,,,,,,,
NC_004567.2:969712-970281,NZ_CP023392.1,"NZ_CP023392.1 Lactococcus raffinolactis strain WiKim0068 chromosome, complete genome",,,,,,,,
NC_004567.2:969712-970281,NZ_CP029544.1,"NZ_CP029544.1 Lactobacillus helsingborgensis strain ESL0183 chromosome, complete genome",,,,,,,,
NC_004567.2:969712-970281,NC_022593.1,"NC_022593.1 Lactococcus lactis subsp. lactis KLDS 4.0325, complete genome",,,,,,,,
NC_004567.2:969712-970281,NZ_CP032627.1,"NZ_CP032627.1 Lactococcus sp. 1JSPR-7 chromosome, complete genome",,,,,,,,
NC_004567.2:969712-970281,NZ_LN774769.1,"NZ_LN774769.1 Lactococcus piscium MKFS47 genome assembly L_piscium, chromosome : I",,,,,,,,
NC_004567.2:969712-970281,NZ_CP029966.1,"NZ_CP029966.1 Lactobacillus curvatus strain ZJUNIT8 chromosome, complete genome",,,,,,,,
NC_004567.2:969712-970281,NC_017617.1,"NC_017617.1 Streptococcus suis GZ1, complete genome",,,,,,,,